[{"model": "sessions.session", "pk": "envxlbcdd1nl53gcfp5ggy39ewvglxr2", "fields": {"session_data": ".eJxVjEEOgjAQRe_StWk6wnQYl-45QzOdtoIaSCisjHdXEha6_e-9_zJBtnUIW81LGJO5GDCn3y2KPvK0g3SX6TZbnad1GaPdFXvQavs55ef1cP8OBqnDt_agWlp1KpxIPaGyi5m58UwIbYeChAytNh0V9O7cRSByCRhTASHz_gDUaTcA:1w61jg:NyR1J11eantNyK6vwb_aHHPBztrft8KwBxYuRWcMixM", "expire_date": "2026-04-10T07:36:04.194Z"}}, {"model": "sessions.session", "pk": "xl794hc0mykj8aew2x078ckxozvwvzb1", "fields": {"session_data": ".eJxVjEEOgjAQRe_StWlKR8bWpXvOQKbMjKCmTSisjHcXEha6fe_9_zY9rcvYr1XmfmJzNWBOvyzR8JS8C35Qvhc7lLzMU7J7Yg9bbVdYXrej_TsYqY7b2gEEjOrDWT1Dggs4koiqIaIIoHdtjJ5QQsNKrYIiNxuOyAO3GsznC8njN5s:1w2pcK:fI8FE3xIgIdtB600gKKBW8dN_0hy7DcWxMO0FfdkKX8", "expire_date": "2026-04-01T12:03:16.363Z"}}, {"model": "core.user", "fields": {"password": "pbkdf2_sha256$1200000$3etB8uu2ICLDiGQK7X9ZqD$j/cab2q7UfbPrT7uW6GTul+WKUVPj1zpUWYgcyphgDM=", "last_login": "2026-03-27T07:36:04.188Z", "is_superuser": true, "email": "rv18@gmail.com", "name": "RV", "role": "admin", "phone": "7778816736", "address": "a-12, jawaharnagr socity , nandelav road, bharuch", "is_active": true, "is_staff": true, "razorpay_account_id": null, "created_at": "2026-02-24T04:49:17.307Z", "groups": [], "user_permissions": []}}, {"model": "core.user", "fields": {"password": "pbkdf2_sha256$1200000$SJs68KoVmRq9rETK1dTYzZ$KxHwuNWScCReUuWdVWSbvIOiJKVKgusuypjmpSL8xhw=", "last_login": "2026-03-16T16:15:54Z", "is_superuser": false, "email": "vendor1@gmail.com", "name": "vendor1", "role": "vendor", "phone": "6594658734", "address": "xyz, bharuch", "is_active": true, "is_staff": false, "razorpay_account_id": null, "created_at": "2026-03-16T13:17:43.640Z", "groups": [], "user_permissions": []}}, {"model": "core.user", "fields": {"password": "pbkdf2_sha256$1200000$zXf6Om13wTklSpY4zCQI4k$CcIbKSL4mwdEF/C68VEq8SxmE3DH2lCZ5dq69lZhLSk=", "last_login": "2026-03-18T12:03:16.357Z", "is_superuser": false, "email": "customer@gmail.com", "name": "customer", "role": "user", "phone": "7778816736", "address": "abc, bharuch", "is_active": true, "is_staff": false, "razorpay_account_id": null, "created_at": "2026-03-16T13:19:27.819Z", "groups": [], "user_permissions": []}}, {"model": "core.user", "fields": {"password": "pbkdf2_sha256$1200000$Ua7uqcQJnM3364PHB1s5bJ$21QGhXUiYbjUH1n1qTFquDsgjQcyo3lE9ncKjH2INBc=", "last_login": "2026-03-17T03:40:27.368Z", "is_superuser": false, "email": "vendor2@gmail.com", "name": "vendor2", "role": "vendor", "phone": "", "address": "", "is_active": true, "is_staff": false, "razorpay_account_id": null, "created_at": "2026-03-17T03:40:27.361Z", "groups": [], "user_permissions": []}}, {"model": "core.user", "fields": {"password": "pbkdf2_sha256$1200000$d9QSBdL9XxLdt9XZoeewbU$UxoYMEbqBOrKP9Ixn43iBfeRKcSi2Y6sk7AhFDaMp/4=", "last_login": "2026-03-23T10:33:35.042Z", "is_superuser": false, "email": "ranarajveer65824@gmail.com", "name": "rajveer", "role": "user", "phone": "7778816736", "address": "a-12 , jawahar nagar socity,nandelav road,bharuch", "is_active": true, "is_staff": false, "razorpay_account_id": null, "created_at": "2026-03-23T10:18:40.613Z", "groups": [], "user_permissions": []}}, {"model": "products.category", "pk": 4, "fields": {"name": "Men", "parent": null}}, {"model": "products.category", "pk": 5, "fields": {"name": "Women", "parent": null}}, {"model": "products.category", "pk": 6, "fields": {"name": "Kids", "parent": null}}, {"model": "products.category", "pk": 7, "fields": {"name": "Topwear", "parent": 4}}, {"model": "products.category", "pk": 8, "fields": {"name": "Bottomwear", "parent": 4}}, {"model": "products.category", "pk": 9, "fields": {"name": "Footwear", "parent": 4}}, {"model": "products.category", "pk": 10, "fields": {"name": "Accessories", "parent": 4}}, {"model": "products.category", "pk": 11, "fields": {"name": "Innerwear", "parent": 4}}, {"model": "products.category", "pk": 12, "fields": {"name": "Topwear", "parent": 5}}, {"model": "products.category", "pk": 13, "fields": {"name": "Bottomwear", "parent": 5}}, {"model": "products.category", "pk": 14, "fields": {"name": "Footwear", "parent": 5}}, {"model": "products.category", "pk": 15, "fields": {"name": "Accessories", "parent": 5}}, {"model": "products.category", "pk": 16, "fields": {"name": "Innerwear & Sleepwear", "parent": 5}}, {"model": "products.category", "pk": 17, "fields": {"name": "Sarees", "parent": 5}}, {"model": "products.category", "pk": 18, "fields": {"name": "Dresses", "parent": 5}}, {"model": "products.category", "pk": 19, "fields": {"name": "Topwear", "parent": 6}}, {"model": "products.category", "pk": 20, "fields": {"name": "Bottomwear", "parent": 6}}, {"model": "products.category", "pk": 21, "fields": {"name": "Footwear", "parent": 6}}, {"model": "products.category", "pk": 22, "fields": {"name": "Accessories", "parent": 6}}, {"model": "products.product", "pk": 9, "fields": {"vendor": ["vendor1@gmail.com"], "category": 7, "name": "Blue Cotton T-Shirt", "description": "Comfortable blue cotton t-shirt for everyday wear", "price": "1299.00", "image": "products/blue_cotten_tshirt.jpg", "stock": 50, "color": "Blue", "size": "M", "created_at": "2026-03-16T15:56:15.453Z"}}, {"model": "products.product", "pk": 10, "fields": {"vendor": ["vendor1@gmail.com"], "category": 7, "name": "Red Polo Shirt", "description": "Classic red polo shirt with collar", "price": "1599.00", "image": "products/red_polo_t_shirt.jpg", "stock": 30, "color": "Red", "size": "L", "created_at": "2026-03-16T15:56:15.458Z"}}, {"model": "products.product", "pk": 11, "fields": {"vendor": ["vendor1@gmail.com"], "category": 9, "name": "Black Running Shoes", "description": "Comfortable black running shoes for sports", "price": "2999.00", "image": "products/black_running_shoes.jpg", "stock": 25, "color": "Black", "size": "9", "created_at": "2026-03-16T15:56:15.461Z"}}, {"model": "products.product", "pk": 12, "fields": {"vendor": ["vendor1@gmail.com"], "category": 9, "name": "White Sneakers", "description": "Stylish white sneakers for casual wear", "price": "2499.00", "image": "products/white_snaeakrs.jpg", "stock": 40, "color": "White", "size": "8", "created_at": "2026-03-16T15:56:15.463Z"}}, {"model": "products.product", "pk": 13, "fields": {"vendor": ["vendor1@gmail.com"], "category": 12, "name": "Pink Summer Dress", "description": "Beautiful pink summer dress with floral patterns", "price": "1999.00", "image": "products/pink_summer_dress.jpg", "stock": 20, "color": "Pink", "size": "S", "created_at": "2026-03-16T15:56:15.465Z"}}, {"model": "products.product", "pk": 14, "fields": {"vendor": ["vendor1@gmail.com"], "category": 12, "name": "Black Evening Gown", "description": "Elegant black evening gown for special occasions", "price": "4999.00", "image": "products/balck_evening_gown.jpg", "stock": 15, "color": "Black", "size": "M", "created_at": "2026-03-16T15:56:15.467Z"}}, {"model": "products.product", "pk": 15, "fields": {"vendor": ["vendor1@gmail.com"], "category": 15, "name": "Gold Necklace Set", "description": "Beautiful gold necklace with matching earrings", "price": "3499.00", "image": "products/gold_nacklsce_set.jpg", "stock": 10, "color": "Gold", "size": "Free Size", "created_at": "2026-03-16T15:56:15.469Z"}}, {"model": "products.product", "pk": 16, "fields": {"vendor": ["vendor1@gmail.com"], "category": 15, "name": "Silver Bracelet", "description": "Elegant silver bracelet with charms", "price": "1299.00", "image": "products/silver_braclet.jpg", "stock": 35, "color": "Silver", "size": "Free Size", "created_at": "2026-03-16T15:56:15.470Z"}}, {"model": "products.product", "pk": 17, "fields": {"vendor": ["vendor1@gmail.com"], "category": 7, "name": "Casual Denim Jacket", "description": "Stylish blue denim jacket", "price": "3499.00", "image": "products/casual_denip_jacket.jpg", "stock": 20, "color": "Blue", "size": "L", "created_at": "2026-03-16T16:00:56.832Z"}}, {"model": "products.product", "pk": 18, "fields": {"vendor": ["vendor1@gmail.com"], "category": 7, "name": "White Cotton Shirt", "description": "Classic white formal shirt", "price": "1899.00", "image": "products/white_cotten_shirt.jpg", "stock": 20, "color": "White", "size": "M", "created_at": "2026-03-16T16:00:56.836Z"}}, {"model": "products.product", "pk": 19, "fields": {"vendor": ["vendor1@gmail.com"], "category": 9, "name": "Leather Boots", "description": "Premium brown leather boots", "price": "5999.00", "image": "products/leather_boots.jpg", "stock": 20, "color": "Brown", "size": "10", "created_at": "2026-03-16T16:00:56.839Z"}}, {"model": "products.product", "pk": 20, "fields": {"vendor": ["vendor1@gmail.com"], "category": 9, "name": "Running Sneakers", "description": "Comfortable gray running shoes", "price": "3299.00", "image": "products/running_sneakers.jpg", "stock": 20, "color": "Gray", "size": "9", "created_at": "2026-03-16T16:00:56.841Z"}}, {"model": "products.product", "pk": 21, "fields": {"vendor": ["vendor1@gmail.com"], "category": 12, "name": "Floral Maxi Dress", "description": "Beautiful floral print maxi dress", "price": "2799.00", "image": "products/floral_maxi.jpg", "stock": 20, "color": "Multicolor", "size": "S", "created_at": "2026-03-16T16:00:56.844Z"}}, {"model": "products.product", "pk": 22, "fields": {"vendor": ["vendor1@gmail.com"], "category": 12, "name": "Silk Blouse", "description": "Elegant cream silk blouse", "price": "2299.00", "image": "products/silk_blouse.jpg", "stock": 20, "color": "Cream", "size": "M", "created_at": "2026-03-16T16:00:56.846Z"}}, {"model": "products.product", "pk": 23, "fields": {"vendor": ["vendor1@gmail.com"], "category": 15, "name": "Diamond Earrings", "description": "Sparkling diamond stud earrings", "price": "8999.00", "image": "products/diamond_earring.jpg", "stock": 20, "color": "Silver", "size": "Free Size", "created_at": "2026-03-16T16:00:56.849Z"}}, {"model": "products.product", "pk": 24, "fields": {"vendor": ["vendor1@gmail.com"], "category": 15, "name": "Leather Handbag", "description": "Premium black leather handbag", "price": "4599.00", "image": "products/leather_bag.jpg", "stock": 20, "color": "Black", "size": "Free Size", "created_at": "2026-03-16T16:00:56.851Z"}}, {"model": "products.productlike", "pk": 1, "fields": {"user": ["customer@gmail.com"], "product": 9, "created_at": "2026-03-18T12:04:23.242Z"}}, {"model": "orders.order", "pk": 1, "fields": {"user": ["customer@gmail.com"], "total_price": "20.00", "status": "Cancelled", "shipping_address": "abc, bharuch", "phone": "7778816736", "payment_method": "cash_on_delivery", "created_at": "2026-03-16T14:34:15.136Z"}}, {"model": "orders.order", "pk": 2, "fields": {"user": ["customer@gmail.com"], "total_price": "1299.00", "status": "Paid", "shipping_address": "abc, bharuch", "phone": "7778816736", "payment_method": "paypal", "created_at": "2026-03-16T16:14:51.921Z"}}, {"model": "orders.order", "pk": 3, "fields": {"user": ["customer@gmail.com"], "total_price": "1599.00", "status": "Paid", "shipping_address": "abc, bharuch", "phone": "7778816736", "payment_method": "cash_on_delivery", "created_at": "2026-03-16T16:15:16.975Z"}}, {"model": "orders.order", "pk": 4, "fields": {"user": ["customer@gmail.com"], "total_price": "1299.00", "status": "Paid", "shipping_address": "abc, bharuch", "phone": "7778816736", "payment_method": "cash_on_delivery", "created_at": "2026-03-18T12:04:40.852Z"}}, {"model": "orders.order", "pk": 5, "fields": {"user": ["ranarajveer65824@gmail.com"], "total_price": "4599.00", "status": "Pending", "shipping_address": "a-12 , jawahar nagar socity,nandelav road,bharuch", "phone": "7778816736", "payment_method": "ONLINE", "created_at": "2026-03-23T11:54:12.160Z"}}, {"model": "orders.order", "pk": 6, "fields": {"user": ["ranarajveer65824@gmail.com"], "total_price": "8999.00", "status": "Paid", "shipping_address": "a-12 , jawahar nagar socity,nandelav road,bharuch", "phone": "7778816736", "payment_method": "ONLINE", "created_at": "2026-03-23T11:58:43.055Z"}}, {"model": "orders.order", "pk": 7, "fields": {"user": ["ranarajveer65824@gmail.com"], "total_price": "2799.00", "status": "Pending", "shipping_address": "a-12 , jawahar nagar socity,nandelav road,bharuch", "phone": "7778816736", "payment_method": "COD", "created_at": "2026-03-23T11:59:19.163Z"}}, {"model": "orders.orderitem", "pk": 2, "fields": {"order": 2, "product": 9, "quantity": 1, "price": "1299.00"}}, {"model": "orders.orderitem", "pk": 3, "fields": {"order": 3, "product": 10, "quantity": 1, "price": "1599.00"}}, {"model": "orders.orderitem", "pk": 4, "fields": {"order": 4, "product": 9, "quantity": 1, "price": "1299.00"}}, {"model": "orders.orderitem", "pk": 5, "fields": {"order": 5, "product": 24, "quantity": 1, "price": "4599.00"}}, {"model": "orders.orderitem", "pk": 6, "fields": {"order": 6, "product": 23, "quantity": 1, "price": "8999.00"}}, {"model": "orders.orderitem", "pk": 7, "fields": {"order": 7, "product": 21, "quantity": 1, "price": "2799.00"}}, {"model": "cart.cart", "pk": 1, "fields": {"user": ["vendor1@gmail.com"], "created_at": "2026-03-16T13:17:59.962Z"}}, {"model": "cart.cart", "pk": 2, "fields": {"user": ["customer@gmail.com"], "created_at": "2026-03-16T14:03:43.181Z"}}, {"model": "cart.cart", "pk": 3, "fields": {"user": ["ranarajveer65824@gmail.com"], "created_at": "2026-03-23T11:53:30.620Z"}}, {"model": "admin.logentry", "pk": 1, "fields": {"action_time": "2026-03-17T03:44:26.324Z", "user": ["rv18@gmail.com"], "content_type": ["core", "user"], "object_id": "3", "object_repr": "customer@gmail.com", "action_flag": 2, "change_message": "[{\"changed\": {\"fields\": [\"Name\"]}}]"}}, {"model": "admin.logentry", "pk": 2, "fields": {"action_time": "2026-03-17T03:44:46.720Z", "user": ["rv18@gmail.com"], "content_type": ["core", "user"], "object_id": "4", "object_repr": "vendor@example.com", "action_flag": 3, "change_message": ""}}, {"model": "admin.logentry", "pk": 3, "fields": {"action_time": "2026-03-17T03:45:33.920Z", "user": ["rv18@gmail.com"], "content_type": ["core", "user"], "object_id": "2", "object_repr": "vendor1@gmail.com", "action_flag": 2, "change_message": "[{\"changed\": {\"fields\": [\"Name\", \"Phone\", \"Address\"]}}]"}}, {"model": "admin.logentry", "pk": 4, "fields": {"action_time": "2026-03-17T03:46:42.542Z", "user": ["rv18@gmail.com"], "content_type": ["core", "user"], "object_id": "1", "object_repr": "rv18@gmail.com", "action_flag": 2, "change_message": "[{\"changed\": {\"fields\": [\"Name\", \"Role\", \"Phone\", \"Address\"]}}]"}}, {"model": "admin.logentry", "pk": 5, "fields": {"action_time": "2026-03-18T12:11:41.787Z", "user": ["rv18@gmail.com"], "content_type": ["products", "category"], "object_id": "29", "object_repr": "Women > Dresses", "action_flag": 3, "change_message": ""}}, {"model": "admin.logentry", "pk": 6, "fields": {"action_time": "2026-03-18T12:11:41.788Z", "user": ["rv18@gmail.com"], "content_type": ["products", "category"], "object_id": "28", "object_repr": "Women > Sarees", "action_flag": 3, "change_message": ""}}, {"model": "admin.logentry", "pk": 7, "fields": {"action_time": "2026-03-18T12:11:41.788Z", "user": ["rv18@gmail.com"], "content_type": ["products", "category"], "object_id": "27", "object_repr": "Women > Innerwear", "action_flag": 3, "change_message": ""}}, {"model": "admin.logentry", "pk": 8, "fields": {"action_time": "2026-03-18T12:11:41.788Z", "user": ["rv18@gmail.com"], "content_type": ["products", "category"], "object_id": "26", "object_repr": "Women > Accessories", "action_flag": 3, "change_message": ""}}, {"model": "admin.logentry", "pk": 9, "fields": {"action_time": "2026-03-18T12:11:41.788Z", "user": ["rv18@gmail.com"], "content_type": ["products", "category"], "object_id": "25", "object_repr": "Women > Footwear", "action_flag": 3, "change_message": ""}}, {"model": "admin.logentry", "pk": 10, "fields": {"action_time": "2026-03-18T12:11:41.788Z", "user": ["rv18@gmail.com"], "content_type": ["products", "category"], "object_id": "24", "object_repr": "Women > Bottomwear", "action_flag": 3, "change_message": ""}}, {"model": "admin.logentry", "pk": 11, "fields": {"action_time": "2026-03-18T12:11:41.788Z", "user": ["rv18@gmail.com"], "content_type": ["products", "category"], "object_id": "23", "object_repr": "Women > Topwear", "action_flag": 3, "change_message": ""}}, {"model": "admin.logentry", "pk": 12, "fields": {"action_time": "2026-03-18T12:12:04.557Z", "user": ["rv18@gmail.com"], "content_type": ["products", "category"], "object_id": "33", "object_repr": "Kids > Accessories", "action_flag": 3, "change_message": ""}}, {"model": "admin.logentry", "pk": 13, "fields": {"action_time": "2026-03-18T12:12:04.557Z", "user": ["rv18@gmail.com"], "content_type": ["products", "category"], "object_id": "32", "object_repr": "Kids > Footwear", "action_flag": 3, "change_message": ""}}, {"model": "admin.logentry", "pk": 14, "fields": {"action_time": "2026-03-18T12:12:04.557Z", "user": ["rv18@gmail.com"], "content_type": ["products", "category"], "object_id": "31", "object_repr": "Kids > Bottomwear", "action_flag": 3, "change_message": ""}}, {"model": "admin.logentry", "pk": 15, "fields": {"action_time": "2026-03-18T12:12:04.557Z", "user": ["rv18@gmail.com"], "content_type": ["products", "category"], "object_id": "30", "object_repr": "Kids > Topwear", "action_flag": 3, "change_message": ""}}, {"model": "admin.logentry", "pk": 16, "fields": {"action_time": "2026-03-23T09:36:49.113Z", "user": ["rv18@gmail.com"], "content_type": ["products", "product"], "object_id": "24", "object_repr": "Leather Handbag", "action_flag": 2, "change_message": "[{\"changed\": {\"fields\": [\"Image\"]}}]"}}, {"model": "admin.logentry", "pk": 17, "fields": {"action_time": "2026-03-23T09:37:04.301Z", "user": ["rv18@gmail.com"], "content_type": ["products", "product"], "object_id": "23", "object_repr": "Diamond Earrings", "action_flag": 2, "change_message": "[{\"changed\": {\"fields\": [\"Image\"]}}]"}}, {"model": "admin.logentry", "pk": 18, "fields": {"action_time": "2026-03-23T09:37:20.048Z", "user": ["rv18@gmail.com"], "content_type": ["products", "product"], "object_id": "22", "object_repr": "Silk Blouse", "action_flag": 2, "change_message": "[{\"changed\": {\"fields\": [\"Image\"]}}]"}}, {"model": "admin.logentry", "pk": 19, "fields": {"action_time": "2026-03-23T09:37:34.124Z", "user": ["rv18@gmail.com"], "content_type": ["products", "product"], "object_id": "21", "object_repr": "Floral Maxi Dress", "action_flag": 2, "change_message": "[{\"changed\": {\"fields\": [\"Image\"]}}]"}}, {"model": "admin.logentry", "pk": 20, "fields": {"action_time": "2026-03-23T09:37:55.647Z", "user": ["rv18@gmail.com"], "content_type": ["products", "product"], "object_id": "20", "object_repr": "Running Sneakers", "action_flag": 2, "change_message": "[{\"changed\": {\"fields\": [\"Image\"]}}]"}}, {"model": "admin.logentry", "pk": 21, "fields": {"action_time": "2026-03-23T09:38:14.738Z", "user": ["rv18@gmail.com"], "content_type": ["products", "product"], "object_id": "19", "object_repr": "Leather Boots", "action_flag": 2, "change_message": "[{\"changed\": {\"fields\": [\"Image\"]}}]"}}, {"model": "admin.logentry", "pk": 22, "fields": {"action_time": "2026-03-23T09:38:31.569Z", "user": ["rv18@gmail.com"], "content_type": ["products", "product"], "object_id": "18", "object_repr": "White Cotton Shirt", "action_flag": 2, "change_message": "[{\"changed\": {\"fields\": [\"Image\"]}}]"}}, {"model": "admin.logentry", "pk": 23, "fields": {"action_time": "2026-03-23T09:38:47.556Z", "user": ["rv18@gmail.com"], "content_type": ["products", "product"], "object_id": "17", "object_repr": "Casual Denim Jacket", "action_flag": 2, "change_message": "[{\"changed\": {\"fields\": [\"Image\"]}}]"}}, {"model": "admin.logentry", "pk": 24, "fields": {"action_time": "2026-03-23T09:39:08.825Z", "user": ["rv18@gmail.com"], "content_type": ["products", "product"], "object_id": "16", "object_repr": "Silver Bracelet", "action_flag": 2, "change_message": "[{\"changed\": {\"fields\": [\"Image\"]}}]"}}, {"model": "admin.logentry", "pk": 25, "fields": {"action_time": "2026-03-23T09:39:25.472Z", "user": ["rv18@gmail.com"], "content_type": ["products", "product"], "object_id": "15", "object_repr": "Gold Necklace Set", "action_flag": 2, "change_message": "[{\"changed\": {\"fields\": [\"Image\"]}}]"}}, {"model": "admin.logentry", "pk": 26, "fields": {"action_time": "2026-03-23T09:39:41.663Z", "user": ["rv18@gmail.com"], "content_type": ["products", "product"], "object_id": "14", "object_repr": "Black Evening Gown", "action_flag": 2, "change_message": "[{\"changed\": {\"fields\": [\"Image\"]}}]"}}, {"model": "admin.logentry", "pk": 27, "fields": {"action_time": "2026-03-23T09:39:56.473Z", "user": ["rv18@gmail.com"], "content_type": ["products", "product"], "object_id": "13", "object_repr": "Pink Summer Dress", "action_flag": 2, "change_message": "[{\"changed\": {\"fields\": [\"Image\"]}}]"}}, {"model": "admin.logentry", "pk": 28, "fields": {"action_time": "2026-03-23T09:40:12.999Z", "user": ["rv18@gmail.com"], "content_type": ["products", "product"], "object_id": "12", "object_repr": "White Sneakers", "action_flag": 2, "change_message": "[{\"changed\": {\"fields\": [\"Image\"]}}]"}}, {"model": "admin.logentry", "pk": 29, "fields": {"action_time": "2026-03-23T09:40:28.619Z", "user": ["rv18@gmail.com"], "content_type": ["products", "product"], "object_id": "11", "object_repr": "Black Running Shoes", "action_flag": 2, "change_message": "[{\"changed\": {\"fields\": [\"Image\"]}}]"}}, {"model": "admin.logentry", "pk": 30, "fields": {"action_time": "2026-03-23T09:40:44.400Z", "user": ["rv18@gmail.com"], "content_type": ["products", "product"], "object_id": "10", "object_repr": "Red Polo Shirt", "action_flag": 2, "change_message": "[{\"changed\": {\"fields\": [\"Image\"]}}]"}}, {"model": "admin.logentry", "pk": 31, "fields": {"action_time": "2026-03-23T09:40:58.108Z", "user": ["rv18@gmail.com"], "content_type": ["products", "product"], "object_id": "9", "object_repr": "Blue Cotton T-Shirt", "action_flag": 2, "change_message": "[{\"changed\": {\"fields\": [\"Image\"]}}]"}}, {"model": "admin.logentry", "pk": 32, "fields": {"action_time": "2026-03-23T10:17:44.092Z", "user": ["rv18@gmail.com"], "content_type": ["core", "user"], "object_id": "6", "object_repr": "ranarajveer65824@gmail.com", "action_flag": 3, "change_message": ""}}]
